{
  "SignUp" : {
    "transaction" : "SignUp",
    "sampleCount" : 9,
    "errorCount" : 0,
    "errorPct" : 0.0,
    "meanResTime" : 193.0,
    "medianResTime" : 180.0,
    "minResTime" : 174.0,
    "maxResTime" : 280.0,
    "pct1ResTime" : 280.0,
    "pct2ResTime" : 280.0,
    "pct3ResTime" : 280.0,
    "throughput" : 5.353955978584176,
    "receivedKBytesPerSec" : 36.877579379833435,
    "sentKBytesPerSec" : 3.0063717653182627
  },
  "signon-0" : {
    "transaction" : "signon-0",
    "sampleCount" : 9,
    "errorCount" : 0,
    "errorPct" : 0.0,
    "meanResTime" : 174.99999999999997,
    "medianResTime" : 176.0,
    "minResTime" : 163.0,
    "maxResTime" : 187.0,
    "pct1ResTime" : 187.0,
    "pct2ResTime" : 187.0,
    "pct3ResTime" : 187.0,
    "throughput" : 5.244755244755245,
    "receivedKBytesPerSec" : 4.527698863636363,
    "sentKBytesPerSec" : 3.7543023382867133
  },
  "Total" : {
    "transaction" : "Total",
    "sampleCount" : 99,
    "errorCount" : 0,
    "errorPct" : 0.0,
    "meanResTime" : 263.8989898989899,
    "medianResTime" : 185.0,
    "minResTime" : 163.0,
    "maxResTime" : 827.0,
    "pct1ResTime" : 392.0,
    "pct2ResTime" : 528.0,
    "pct3ResTime" : 827.0,
    "throughput" : 17.432646592709986,
    "receivedKBytesPerSec" : 92.62297224423314,
    "sentKBytesPerSec" : 14.544745443740094
  },
  "signon" : {
    "transaction" : "signon",
    "sampleCount" : 9,
    "errorCount" : 0,
    "errorPct" : 0.0,
    "meanResTime" : 353.55555555555554,
    "medianResTime" : 354.0,
    "minResTime" : 327.0,
    "maxResTime" : 375.0,
    "pct1ResTime" : 375.0,
    "pct2ResTime" : 375.0,
    "pct3ResTime" : 375.0,
    "throughput" : 4.7518479408658925,
    "receivedKBytesPerSec" : 35.98431725184794,
    "sentKBytesPerSec" : 6.4688242476240765
  },
  "signoff-0" : {
    "transaction" : "signoff-0",
    "sampleCount" : 9,
    "errorCount" : 0,
    "errorPct" : 0.0,
    "meanResTime" : 171.66666666666666,
    "medianResTime" : 170.0,
    "minResTime" : 163.0,
    "maxResTime" : 183.0,
    "pct1ResTime" : 183.0,
    "pct2ResTime" : 183.0,
    "pct3ResTime" : 183.0,
    "throughput" : 5.190311418685121,
    "receivedKBytesPerSec" : 3.9850958765859286,
    "sentKBytesPerSec" : 2.879000865051903
  },
  "signon-1" : {
    "transaction" : "signon-1",
    "sampleCount" : 9,
    "errorCount" : 0,
    "errorPct" : 0.0,
    "meanResTime" : 178.22222222222223,
    "medianResTime" : 178.0,
    "minResTime" : 163.0,
    "maxResTime" : 189.0,
    "pct1ResTime" : 189.0,
    "pct2ResTime" : 189.0,
    "pct3ResTime" : 189.0,
    "throughput" : 5.202312138728324,
    "receivedKBytesPerSec" : 34.90448880057804,
    "sentKBytesPerSec" : 3.358133128612717
  },
  "signoff" : {
    "transaction" : "signoff",
    "sampleCount" : 9,
    "errorCount" : 0,
    "errorPct" : 0.0,
    "meanResTime" : 354.55555555555554,
    "medianResTime" : 356.0,
    "minResTime" : 329.0,
    "maxResTime" : 380.0,
    "pct1ResTime" : 380.0,
    "pct2ResTime" : 380.0,
    "pct3ResTime" : 380.0,
    "throughput" : 4.704652378463147,
    "receivedKBytesPerSec" : 35.10213832984841,
    "sentKBytesPerSec" : 5.15030792603241
  },
  "signoff-1" : {
    "transaction" : "signoff-1",
    "sampleCount" : 9,
    "errorCount" : 0,
    "errorPct" : 0.0,
    "meanResTime" : 182.55555555555554,
    "medianResTime" : 179.0,
    "minResTime" : 166.0,
    "maxResTime" : 207.0,
    "pct1ResTime" : 207.0,
    "pct2ResTime" : 207.0,
    "pct3ResTime" : 207.0,
    "throughput" : 5.142857142857142,
    "receivedKBytesPerSec" : 34.42299107142857,
    "sentKBytesPerSec" : 2.77734375
  },
  "newAccount" : {
    "transaction" : "newAccount",
    "sampleCount" : 9,
    "errorCount" : 0,
    "errorPct" : 0.0,
    "meanResTime" : 360.6666666666667,
    "medianResTime" : 362.0,
    "minResTime" : 339.0,
    "maxResTime" : 392.0,
    "pct1ResTime" : 392.0,
    "pct2ResTime" : 392.0,
    "pct3ResTime" : 392.0,
    "throughput" : 4.805125467164976,
    "receivedKBytesPerSec" : 35.555634343299516,
    "sentKBytesPerSec" : 7.719171282701549
  },
  "Launch" : {
    "transaction" : "Launch",
    "sampleCount" : 9,
    "errorCount" : 0,
    "errorPct" : 0.0,
    "meanResTime" : 573.3333333333333,
    "medianResTime" : 528.0,
    "minResTime" : 503.0,
    "maxResTime" : 827.0,
    "pct1ResTime" : 827.0,
    "pct2ResTime" : 827.0,
    "pct3ResTime" : 827.0,
    "throughput" : 4.105839416058394,
    "receivedKBytesPerSec" : 27.469829921304743,
    "sentKBytesPerSec" : 2.016833228786496
  },
  "newAccount-1" : {
    "transaction" : "newAccount-1",
    "sampleCount" : 9,
    "errorCount" : 0,
    "errorPct" : 0.0,
    "meanResTime" : 180.66666666666666,
    "medianResTime" : 178.0,
    "minResTime" : 166.0,
    "maxResTime" : 207.0,
    "pct1ResTime" : 207.0,
    "pct2ResTime" : 207.0,
    "pct3ResTime" : 207.0,
    "throughput" : 5.30035335689046,
    "receivedKBytesPerSec" : 34.97738607921084,
    "sentKBytesPerSec" : 3.602583922261484
  },
  "newAccount-0" : {
    "transaction" : "newAccount-0",
    "sampleCount" : 9,
    "errorCount" : 0,
    "errorPct" : 0.0,
    "meanResTime" : 179.66666666666666,
    "medianResTime" : 180.0,
    "minResTime" : 170.0,
    "maxResTime" : 191.0,
    "pct1ResTime" : 191.0,
    "pct2ResTime" : 191.0,
    "pct3ResTime" : 191.0,
    "throughput" : 5.35077288941736,
    "receivedKBytesPerSec" : 4.283056814803805,
    "sentKBytesPerSec" : 4.958870578180737
  }
}